Workbook

Sheet Exchange rates
B1: Date | C1: Indonesia | D1: Philippines | E1: Thailand | F1: Korea
A2: 1 | B2: 42005 | C2: 12572.773 | D2: 44.239958 | E2: 110.33 | F2: 1089.1818
A3: 2 | B3: 42036 | C3: 12752.55 | D3: 44.130627 | E3: 111.71 | F3: 1099.015
A4: 3 | B4: 42064 | C4: 13066.818 | D4: 44.700729 | E4: 112.84 | F4: 1113.4182
A5: 4 | B5: 42095 | C5: 12950.136 | D5: 44.640864 | E5: 112.23 | F5: 1087.1136
A6: 5 | B6: 42125 | C6: 13133.095 | D6: 44.559308 | E6: 108.49 | F6: 1091.5143
A7: 6 | B7: 42156 | C7: 13309.455 | D7: 45.126354 | E7: 108.99 | F7: 1112.6818
A8: 7 | B8: 42186 | C8: 13366.826 | D8: 45.699662 | E8: 108.11 | F8: 1145.2783
A9: 8 | B9: 42217 | C9: 13780.857 | D9: 46.798952 | E9: 106.38 | F9: 1179.5143
A10: 9 | B10: 42248 | C10: 14406.409 | D10: 46.750818 | E10: 105.29 | F10: 1185.9773
A11: 10 | B11: 42278 | C11: 13785 | D11: 46.759562 | E11: 105.4 | F11: 1146.3364
A12: 11 | B12: 42309 | C12: 13672.571 | D12: 47.180939 | E12: 106.34 | F12: 1152.8762
A13: 12 | B13: 42339 | C13: 13836.217 | D13: 46.950561 | E13: 106.04 | F13: 1172.8043
... A130: 129 | B130: 45901 | C130: 16508.182 | D130: 58.337952 | E130: 130.81 | F130: 1392.5318

Sheet Exchange rates with base
B1: Date | C1: Indonesia | D1: Philippines | E1: Thailand | F1: Korea
B2: 42005 | C2: ='Exchange rates'!C2/'Exchange rates'!C$2 -> 1 | D2: ='Exchange rates'!D2/'Exchange rates'!D$2 -> 1 | E2: ='Exchange rates'!E2/'Exchange rates'!E$2 -> 1 | F2: ='Exchange rates'!F2/'Exchange rates'!F$2 -> 1
B3: 42036 | C3: ='Exchange rates'!C3/'Exchange rates'!C$2 -> 1.0142989 | D3: ='Exchange rates'!D3/'Exchange rates'!D$2 -> 0.99752868 | E3: ='Exchange rates'!E3/'Exchange rates'!E$2 -> 1.0125079 | F3: ='Exchange rates'!F3/'Exchange rates'!F$2 -> 1.009028
B4: 42064 | C4: ='Exchange rates'!C4/'Exchange rates'!C$2 -> 1.0392949 | D4: ='Exchange rates'!D4/'Exchange rates'!D$2 -> 1.0104153 | E4: ='Exchange rates'!E4/'Exchange rates'!E$2 -> 1.0227499 | F4: ='Exchange rates'!F4/'Exchange rates'!F$2 -> 1.0222519
B5: 42095 | C5: ='Exchange rates'!C5/'Exchange rates'!C$2 -> 1.0300144 | D5: ='Exchange rates'!D5/'Exchange rates'!D$2 -> 1.0090621 | E5: ='Exchange rates'!E5/'Exchange rates'!E$2 -> 1.0172211 | F5: ='Exchange rates'!F5/'Exchange rates'!F$2 -> 0.99810116
B6: 42125 | C6: ='Exchange rates'!C6/'Exchange rates'!C$2 -> 1.0445663 | D6: ='Exchange rates'!D6/'Exchange rates'!D$2 -> 1.0072186 | E6: ='Exchange rates'!E6/'Exchange rates'!E$2 -> 0.98332276 | F6: ='Exchange rates'!F6/'Exchange rates'!F$2 -> 1.0021415
B7: 42156 | C7: ='Exchange rates'!C7/'Exchange rates'!C$2 -> 1.0585934 | D7: ='Exchange rates'!D7/'Exchange rates'!D$2 -> 1.0200361 | E7: ='Exchange rates'!E7/'Exchange rates'!E$2 -> 0.98785462 | F7: ='Exchange rates'!F7/'Exchange rates'!F$2 -> 1.0215758
B8: 42186 | C8: ='Exchange rates'!C8/'Exchange rates'!C$2 -> 1.0631566 | D8: ='Exchange rates'!D8/'Exchange rates'!D$2 -> 1.0329952 | E8: ='Exchange rates'!E8/'Exchange rates'!E$2 -> 0.97987855 | F8: ='Exchange rates'!F8/'Exchange rates'!F$2 -> 1.0515033
B9: 42217 | C9: ='Exchange rates'!C9/'Exchange rates'!C$2 -> 1.0960874 | D9: ='Exchange rates'!D9/'Exchange rates'!D$2 -> 1.0578435 | E9: ='Exchange rates'!E9/'Exchange rates'!E$2 -> 0.96419831 | F9: ='Exchange rates'!F9/'Exchange rates'!F$2 -> 1.0829361
B10: 42248 | C10: ='Exchange rates'!C10/'Exchange rates'!C$2 -> 1.1458418 | D10: ='Exchange rates'!D10/'Exchange rates'!D$2 -> 1.0567555 | E10: ='Exchange rates'!E10/'Exchange rates'!E$2 -> 0.95431886 | F10: ='Exchange rates'!F10/'Exchange rates'!F$2 -> 1.0888699
B11: 42278 | C11: ='Exchange rates'!C11/'Exchange rates'!C$2 -> 1.0964169 | D11: ='Exchange rates'!D11/'Exchange rates'!D$2 -> 1.0569531 | E11: ='Exchange rates'!E11/'Exchange rates'!E$2 -> 0.95531587 | F11: ='Exchange rates'!F11/'Exchange rates'!F$2 -> 1.0524748
B12: 42309 | C12: ='Exchange rates'!C12/'Exchange rates'!C$2 -> 1.0874746 | D12: ='Exchange rates'!D12/'Exchange rates'!D$2 -> 1.0664779 | E12: ='Exchange rates'!E12/'Exchange rates'!E$2 -> 0.96383577 | F12: ='Exchange rates'!F12/'Exchange rates'!F$2 -> 1.0584791
B13: 42339 | C13: ='Exchange rates'!C13/'Exchange rates'!C$2 -> 1.1004905 | D13: ='Exchange rates'!D13/'Exchange rates'!D$2 -> 1.0612705 | E13: ='Exchange rates'!E13/'Exchange rates'!E$2 -> 0.96111665 | F13: ='Exchange rates'!F13/'Exchange rates'!F$2 -> 1.0767755
... B130: 45901 | C130: ='Exchange rates'!C130/'Exchange rates'!C$2 -> 1.3130104 | D130: ='Exchange rates'!D130/'Exchange rates'!D$2 -> 1.3186711 | E130: ='Exchange rates'!E130/'Exchange rates'!E$2 -> 1.1856249 | F130: ='Exchange rates'!F130/'Exchange rates'!F$2 -> 1.2785118

Sheet Exchange rates log
B1: Date | C1: Indonesia | D1: Philippines | E1: Thailand | F1: Korea
B2: 42005 | C2: =LOG('Exchange rates'!C2) -> 4.0994311 | D2: =LOG('Exchange rates'!D2) -> 1.6458147 | E2: =LOG('Exchange rates'!E2) -> 2.0426936 | F2: =LOG('Exchange rates'!F2) -> 3.0371004
B3: 42036 | C3: =LOG('Exchange rates'!C3) -> 4.105597 | D3: =LOG('Exchange rates'!D3) -> 1.6447401 | E3: =LOG('Exchange rates'!E3) -> 2.0480921 | F3: =LOG('Exchange rates'!F3) -> 3.0410036
B4: 42064 | C4: =LOG('Exchange rates'!C4) -> 4.1161698 | D4: =LOG('Exchange rates'!D4) -> 1.6503146 | E4: =LOG('Exchange rates'!E4) -> 2.0524631 | F4: =LOG('Exchange rates'!F4) -> 3.0466583
B5: 42095 | C5: =LOG('Exchange rates'!C5) -> 4.1122743 | D5: =LOG('Exchange rates'!D5) -> 1.6497326 | E5: =LOG('Exchange rates'!E5) -> 2.050109 | F5: =LOG('Exchange rates'!F5) -> 3.0362749
B6: 42125 | C6: =LOG('Exchange rates'!C6) -> 4.1183671 | D6: =LOG('Exchange rates'!D6) -> 1.6489384 | E6: =LOG('Exchange rates'!E6) -> 2.0353897 | F6: =LOG('Exchange rates'!F6) -> 3.0380294
B7: 42156 | C7: =LOG('Exchange rates'!C7) -> 4.1241603 | D7: =LOG('Exchange rates'!D7) -> 1.6544302 | E7: =LOG('Exchange rates'!E7) -> 2.0373867 | F7: =LOG('Exchange rates'!F7) -> 3.046371
B8: 42186 | C8: =LOG('Exchange rates'!C8) -> 4.1260283 | D8: =LOG('Exchange rates'!D8) -> 1.659913 | E8: =LOG('Exchange rates'!E8) -> 2.0338659 | F8: =LOG('Exchange rates'!F8) -> 3.058911
B9: 42217 | C9: =LOG('Exchange rates'!C9) -> 4.1392762 | D9: =LOG('Exchange rates'!D9) -> 1.6702361 | E9: =LOG('Exchange rates'!E9) -> 2.02686 | F9: =LOG('Exchange rates'!F9) -> 3.0717032
B10: 42248 | C10: =LOG('Exchange rates'!C10) -> 4.1585557 | D10: =LOG('Exchange rates'!D10) -> 1.6697892 | E10: =LOG('Exchange rates'!E10) -> 2.0223871 | F10: =LOG('Exchange rates'!F10) -> 3.0740764
B11: 42278 | C11: =LOG('Exchange rates'!C11) -> 4.1394068 | D11: =LOG('Exchange rates'!D11) -> 1.6698704 | E11: =LOG('Exchange rates'!E11) -> 2.0228406 | F11: =LOG('Exchange rates'!F11) -> 3.0593121
B12: 42309 | C12: =LOG('Exchange rates'!C12) -> 4.1358502 | D12: =LOG('Exchange rates'!D12) -> 1.6737666 | E12: =LOG('Exchange rates'!E12) -> 2.0266967 | F12: =LOG('Exchange rates'!F12) -> 3.0617827
B13: 42339 | C13: =LOG('Exchange rates'!C13) -> 4.1410174 | D13: =LOG('Exchange rates'!D13) -> 1.6716408 | E13: =LOG('Exchange rates'!E13) -> 2.0254697 | F13: =LOG('Exchange rates'!F13) -> 3.0692256
... B130: 45901 | C130: =LOG('Exchange rates'!C130) -> 4.2176992 | D130: =LOG('Exchange rates'!D130) -> 1.7659512 | E130: =LOG('Exchange rates'!E130) -> 2.1166409 | F130: =LOG('Exchange rates'!F130) -> 3.1438051
