Workbook

Sheet International reserves
B1: Dates | C1: Indonesia | D1: Philippines | E1: Thailand | F1: Korea
B2: 42005 | C2: 1.1106676e+11 | D2: 8.0715987e+10 | E2: 155423010000 | F2: 3.5738058e+11 | J2: Indonesia | K2: Philippines | L2: Thailand | M2: Korea
B3: 42036 | C3: 1.1248179e+11 | D3: 8.0837009e+10 | E3: 156935390000 | F3: 3.5753684e+11 | I3: Min | J3: =MIN(C2:C131) -> 9.7583805e+10 | K3: =MIN(D2:D131) -> 7.4710905e+10 | L3: =MIN(E2:E131) -> 155423010000 | M3: =MIN(F2:F131) -> 3.5738058e+11
B4: 42064 | C4: 1.0857055e+11 | D4: 8.0458508e+10 | E4: 156319190000 | F4: 3.5792833e+11 | I4: Max | J4: =MAX(C2:C131) -> 1.4943518e+11 | K4: =MAX(D2:D131) -> 1.1270692e+11 | L4: =MAX(E2:E131) -> 273272500000 | M4: =MAX(F2:F131) -> 4.6327129e+11
B5: 42095 | C5: 1.0785046e+11 | D5: 8.0850116e+10 | E5: 161103290000 | F5: 3.651244e+11 | I5: Mean | J5: =AVERAGE(C2:C131) -> 1.2520254e+11 | K5: =AVERAGE(D2:D131) -> 9.2958673e+10 | L5: =AVERAGE(E2:E131) -> 2.1444496e+11 | M5: =AVERAGE(F2:F131) -> 4.0201871e+11
B6: 42125 | C6: 1.0779802e+11 | D6: 8.0405039e+10 | E6: 158518370000 | F6: 3.6669995e+11 | I6: Std dev | J6: =_xlfn.STDEV.S(C2:C131) -> 1.274067e+10 | K6: =_xlfn.STDEV.S(D2:D131) -> 1.1484773e+10 | L6: =_xlfn.STDEV.S(E2:E131) -> 3.0212903e+10 | M6: =_xlfn.STDEV.S(F2:F131) -> 2.7173397e+10
B7: 42156 | C7: 1.0508399e+11 | D7: 8.0644259e+10 | E7: 160273970000 | F7: 3.6995177e+11 | I7: CV | J7: =J6/J5 -> 0.10176048 | K7: =K6/K5 -> 0.12354709 | L7: =L6/L5 -> 0.14088884 | M7: =M6/M5 -> 0.067592368
B8: 42186 | C8: 1.0482397e+11 | D8: 8.0332385e+10 | E8: 156944030000 | F8: 3.6601469e+11
B9: 42217 | C9: 1.0248901e+11 | D9: 8.0255434e+10 | E9: 155838100000 | F9: 3.63114e+11
B10: 42248 | C10: 9.8876149e+10 | D10: 8.0550512e+10 | E10: 155533430000 | F10: 3.6330113e+11
B11: 42278 | C11: 9.7836229e+10 | D11: 8.1097821e+10 | E11: 158293930000 | F11: 3.6480475e+11
B12: 42309 | C12: 9.7583805e+10 | D12: 8.0173186e+10 | E12: 155680970000 | F12: 3.6364991e+11
B13: 42339 | C13: 1.0326825e+11 | D13: 8.0666865e+10 | E13: 156513950000 | F13: 3.6314933e+11
B14: 42370 | C14: 9.9334129e+10 | D14: 8.0692426e+10 | E14: 160114250000 | F14: 3.6247838e+11
B15: 42401 | C15: 1.0145151e+11 | D15: 8.187759e+10 | E15: 167971320000 | F15: 3.6092772e+11
B16: 42430 | C16: 1.0444381e+11 | D16: 8.2977042e+10 | E16: 175073290000 | F16: 3.6503771e+11
B17: 42461 | C17: 1.0456543e+11 | D17: 8.3736272e+10 | E17: 178568340000 | F17: 3.6768394e+11
B18: 42491 | C18: 1.0053283e+11 | D18: 8.2927199e+10 | E18: 175477000000 | F18: 3.6607877e+11
B19: 42522 | C19: 1.064774e+11 | D19: 8.5284318e+10 | E19: 178668890000 | F19: 3.6509027e+11
... B127: 45809 | C127: 1.4425058e+11 | D127: 1.0599808e+11 | E127: 2.6240473e+11 | F127: 4.039996e+11
B128: 45839 | D128: 1.0541825e+11 | E128: 261884310000
B129: 45870 | D129: 1.0709792e+11 | E129: 267351450000
B130: 45901 | D130: 1.0905947e+11 | E130: 273272500000
B131: 45931

Sheet Base year
B1: Dates | C1: Indonesia | D1: Philippines | E1: Thailand | F1: Korea
B2: 42005 | C2: ='International reserves'!C2/'International reserves'!C$2 -> 1 | D2: ='International reserves'!D2/'International reserves'!D$2 -> 1 | E2: ='International reserves'!E2/'International reserves'!E$2 -> 1 | F2: ='International reserves'!F2/'International reserves'!F$2 -> 1
B3: 42036 | C3: ='International reserves'!C3/'International reserves'!C$2 -> 1.0127404 | D3: ='International reserves'!D3/'International reserves'!D$2 -> 1.0014994 | E3: ='International reserves'!E3/'International reserves'!E$2 -> 1.0097307 | F3: ='International reserves'!F3/'International reserves'!F$2 -> 1.0004372 | W3: Indonesia | X3: Philippines | Y3: Thailand | Z3: Korea
B4: 42064 | C4: ='International reserves'!C4/'International reserves'!C$2 -> 0.97752516 | D4: ='International reserves'!D4/'International reserves'!D$2 -> 0.99681006 | E4: ='International reserves'!E4/'International reserves'!E$2 -> 1.0057661 | F4: ='International reserves'!F4/'International reserves'!F$2 -> 1.0015327 | V4: Min | W4: =MIN(C2:C130) -> 0.87860493 | X4: =MIN(D2:D130) -> 0.92560233 | Y4: =MIN(E2:E130) -> 1 | Z4: =MIN(F2:F130) -> 1
B5: 42095 | C5: ='International reserves'!C5/'International reserves'!C$2 -> 0.97104174 | D5: ='International reserves'!D5/'International reserves'!D$2 -> 1.0016617 | E5: ='International reserves'!E5/'International reserves'!E$2 -> 1.0365472 | F5: ='International reserves'!F5/'International reserves'!F$2 -> 1.0216683 | V5: Max | W5: =MAX(C2:C130) -> 1.3454536 | X5: =MAX(D2:D130) -> 1.3963395 | Y5: =MAX(E2:E130) -> 1.75825 | Z5: =MAX(F2:F130) -> 1.2962968
B6: 42125 | C6: ='International reserves'!C6/'International reserves'!C$2 -> 0.97056961 | D6: ='International reserves'!D6/'International reserves'!D$2 -> 0.99614763 | E6: ='International reserves'!E6/'International reserves'!E$2 -> 1.0199157 | F6: ='International reserves'!F6/'International reserves'!F$2 -> 1.0260769 | V6: Mean | W6: =AVERAGE(C2:C130) -> 1.1272728 | X6: =AVERAGE(D2:D130) -> 1.1474776 | Y6: =AVERAGE(E2:E130) -> 1.3797504 | Z6: =AVERAGE(F2:F130) -> 1.1249036
B7: 42156 | C7: ='International reserves'!C7/'International reserves'!C$2 -> 0.94613356 | D7: ='International reserves'!D7/'International reserves'!D$2 -> 0.99911136 | E7: ='International reserves'!E7/'International reserves'!E$2 -> 1.0312113 | F7: ='International reserves'!F7/'International reserves'!F$2 -> 1.0351759 | V7: Std dev | W7: =_xlfn.STDEV.S(C2:C130) -> 0.11471182 | X7: =_xlfn.STDEV.S(D2:D130) -> 0.14127655 | Y7: =_xlfn.STDEV.S(E2:E130) -> 0.19439144 | Z7: =_xlfn.STDEV.S(F2:F130) -> 0.0760349
B8: 42186 | C8: ='International reserves'!C8/'International reserves'!C$2 -> 0.94379243 | D8: ='International reserves'!D8/'International reserves'!D$2 -> 0.99524751 | E8: ='International reserves'!E8/'International reserves'!E$2 -> 1.0097863 | F8: ='International reserves'!F8/'International reserves'!F$2 -> 1.0241594 | V8: CV | W8: =W7/W6 -> 0.10176048 | X8: =X7/X6 -> 0.12311922 | Y8: =Y7/Y6 -> 0.14088884 | Z8: =Z7/Z6 -> 0.067592368
B9: 42217 | C9: ='International reserves'!C9/'International reserves'!C$2 -> 0.92276943 | D9: ='International reserves'!D9/'International reserves'!D$2 -> 0.99429416 | E9: ='International reserves'!E9/'International reserves'!E$2 -> 1.0026707 | F9: ='International reserves'!F9/'International reserves'!F$2 -> 1.0160429
B10: 42248 | C10: ='International reserves'!C10/'International reserves'!C$2 -> 0.89024067 | D10: ='International reserves'!D10/'International reserves'!D$2 -> 0.99794991 | E10: ='International reserves'!E10/'International reserves'!E$2 -> 1.0007104 | F10: ='International reserves'!F10/'International reserves'!F$2 -> 1.0165665
B11: 42278 | C11: ='International reserves'!C11/'International reserves'!C$2 -> 0.88087765 | D11: ='International reserves'!D11/'International reserves'!D$2 -> 1.0047306 | E11: ='International reserves'!E11/'International reserves'!E$2 -> 1.0184717 | F11: ='International reserves'!F11/'International reserves'!F$2 -> 1.0207739
B12: 42309 | C12: ='International reserves'!C12/'International reserves'!C$2 -> 0.87860493 | D12: ='International reserves'!D12/'International reserves'!D$2 -> 0.99327518 | E12: ='International reserves'!E12/'International reserves'!E$2 -> 1.0016597 | F12: ='International reserves'!F12/'International reserves'!F$2 -> 1.0175424
B13: 42339 | C13: ='International reserves'!C13/'International reserves'!C$2 -> 0.92978533 | D13: ='International reserves'!D13/'International reserves'!D$2 -> 0.99939142 | E13: ='International reserves'!E13/'International reserves'!E$2 -> 1.0070192 | F13: ='International reserves'!F13/'International reserves'!F$2 -> 1.0161418
B14: 42370 | C14: ='International reserves'!C14/'International reserves'!C$2 -> 0.89436413 | D14: ='International reserves'!D14/'International reserves'!D$2 -> 0.99970811 | E14: ='International reserves'!E14/'International reserves'!E$2 -> 1.0301837 | F14: ='International reserves'!F14/'International reserves'!F$2 -> 1.0142644
B15: 42401 | C15: ='International reserves'!C15/'International reserves'!C$2 -> 0.91342819 | D15: ='International reserves'!D15/'International reserves'!D$2 -> 1.0143912 | E15: ='International reserves'!E15/'International reserves'!E$2 -> 1.0807365 | F15: ='International reserves'!F15/'International reserves'!F$2 -> 1.0099254
B16: 42430 | C16: ='International reserves'!C16/'International reserves'!C$2 -> 0.94036962 | D16: ='International reserves'!D16/'International reserves'!D$2 -> 1.0280125 | E16: ='International reserves'!E16/'International reserves'!E$2 -> 1.126431 | F16: ='International reserves'!F16/'International reserves'!F$2 -> 1.0214257
B17: 42461 | C17: ='International reserves'!C17/'International reserves'!C$2 -> 0.9414646 | D17: ='International reserves'!D17/'International reserves'!D$2 -> 1.0374187 | E17: ='International reserves'!E17/'International reserves'!E$2 -> 1.1489183 | F17: ='International reserves'!F17/'International reserves'!F$2 -> 1.0288302
B18: 42491 | C18: ='International reserves'!C18/'International reserves'!C$2 -> 0.90515678 | D18: ='International reserves'!D18/'International reserves'!D$2 -> 1.027395 | E18: ='International reserves'!E18/'International reserves'!E$2 -> 1.1290284 | F18: ='International reserves'!F18/'International reserves'!F$2 -> 1.0243387
B19: 42522 | C19: ='International reserves'!C19/'International reserves'!C$2 -> 0.95867925 | D19: ='International reserves'!D19/'International reserves'!D$2 -> 1.0565976 | E19: ='International reserves'!E19/'International reserves'!E$2 -> 1.1495652 | F19: ='International reserves'!F19/'International reserves'!F$2 -> 1.0215728
B20: 42552 | C20: ='International reserves'!C20/'International reserves'!C$2 -> 0.97280881 | D20: ='International reserves'!D20/'International reserves'!D$2 -> 1.0593469 | E20: ='International reserves'!E20/'International reserves'!E$2 -> 1.15944 | F20: ='International reserves'!F20/'International reserves'!F$2 -> 1.0257548
... B127: 45809 | C127: ='International reserves'!C127/'International reserves'!C$2 -> 1.2987736 | D127: ='International reserves'!D127/'International reserves'!D$2 -> 1.3132229 | E127: ='International reserves'!E127/'International reserves'!E$2 -> 1.6883261 | F127: ='International reserves'!F127/'International reserves'!F$2 -> 1.1304464
B128: 45839 | E128: ='International reserves'!E128/'International reserves'!E$2 -> 1.6849777
B129: 45870 | E129: ='International reserves'!E129/'International reserves'!E$2 -> 1.7201536
B130: 45901 | E130: ='International reserves'!E130/'International reserves'!E$2 -> 1.75825
B131: 45931
