Workbook

Sheet M2
B1: Dates | C1: Indonesia | D1: Philippines | E1: Thailand | F1: Korea
B2: 2015-M01 | C2: 4.1748259e+15 | D2: 8.8334564e+12 | E2: 16947602000000 | F2: 2.0961983e+15 | J2: Indonesia | K2: Philippines | L2: Thailand | M2: Korea
B3: 2015-M02 | C3: 4.2181228e+15 | D3: 8.8885818e+12 | E3: 17113914000000 | F3: 2.1203165e+15 | I3: Min | J3: =MIN(C2:C130) -> 4.1748259e+15 | K3: =MIN(D2:D130) -> 8.8334564e+12 | L3: =MIN(E2:E130) -> 16947602000000 | M3: =MIN(F2:F130) -> 2.0961983e+15
B4: 2015-M03 | C4: 4.2463612e+15 | D4: 9.0066085e+12 | E4: 17193104000000 | F4: 2.1279544e+15 | I4: Max | J4: =MAX(C2:C130) -> 9.5952536e+15 | K4: =MAX(D2:D130) -> 1.9382987e+13 | L4: =MAX(E2:E130) -> 26829289000000 | M4: =MAX(F2:F130) -> 4.4177572e+15
B5: 2015-M04 | C5: 4.2757111e+15 | D5: 8.9752358e+12 | E5: 17166475000000 | F5: 2.1464274e+15 | I5: Mean | J5: =AVERAGE(C2:C130) -> 6.6320776e+15 | K5: =AVERAGE(D2:D130) -> 1.3962073e+13 | L5: =AVERAGE(E2:E130) -> 2.1844019e+13 | M5: =AVERAGE(F2:F130) -> 3.1295453e+15
B6: 2015-M05 | C6: 4.2883693e+15 | D6: 8.9828204e+12 | E6: 17190904000000 | F6: 2.1755574e+15 | I6: Std dev | J6: =_xlfn.STDEV.S(C2:C130) -> 1.6477209e+15 | K6: =_xlfn.STDEV.S(D2:D130) -> 3.1384331e+12 | L6: =_xlfn.STDEV.S(E2:E130) -> 3.2144863e+12 | M6: =_xlfn.STDEV.S(F2:F130) -> 6.8517427e+14
B7: 2015-M06 | C7: 4.3588015e+15 | D7: 9.1262312e+12 | E7: 17103883000000 | F7: 2.1916061e+15 | I7: CV | J7: =J6/J5 -> 0.24844716 | K7: =K6/K5 -> 0.22478274 | L7: =L6/L5 -> 0.14715636 | M7: =M6/M5 -> 0.21893733
B8: 2015-M07 | C8: 4.3732081e+15 | D8: 9.1523734e+12 | E8: 17071604000000 | F8: 2.1969347e+15
B9: 2015-M08 | C9: 4.404085e+15 | D9: 9.2377181e+12 | E9: 17027719000000 | F9: 2.2184725e+15
B10: 2015-M09 | C10: 4.5086032e+15 | D10: 9.3342732e+12 | E10: 17080201000000 | F10: 2.2207301e+15
B11: 2015-M10 | C11: 4.4430781e+15 | D11: 9.4027804e+12 | E11: 17201009000000 | F11: 2.2398987e+15
B12: 2015-M11 | C12: 4.4523247e+15 | D12: 9.5208066e+12 | E12: 17354610000000 | F12: 2.2392719e+15
B13: 2015-M12 | C13: 4.5488003e+15 | D13: 9.8887173e+12 | E13: 17554630000000 | F13: 2.247375e+15
B14: 2016-M01 | C14: 4.4983613e+15 | D14: 9.869135e+12 | E14: 17628999000000 | F14: 2.2715771e+15
B15: 2016-M02 | C15: 4.5219512e+15 | D15: 9.9183103e+12 | E15: 17748543000000 | F15: 2.2857064e+15
B16: 2016-M03 | C16: 4.5618725e+15 | D16: 1.0037812e+13 | E16: 17821574000000 | F16: 2.2964684e+15
B17: 2016-M04 | C17: 4.5818779e+15 | D17: 10083295110667 | E17: 17902958000000 | F17: 2.295348e+15
B18: 2016-M05 | C18: 4.6140618e+15 | D18: 1.0178071e+13 | E18: 17825307000000 | F18: 2.3173995e+15
B19: 2016-M06 | C19: 4.7374512e+15 | D19: 1.0247533e+13 | E19: 17838170000000 | F19: 2.3375609e+15
... B106: 2023-M09 | C106: 8.4412364e+15 | D106: 1.9382987e+13 | E106: 25029515000000 | F106: 3.8394686e+15
B107: 2023-M10 | C107: 8.5065441e+15 | E107: 25156438000000 | F107: 3.8536142e+15
B108: 2023-M11 | C108: 8.5749171e+15 | E108: 25324709000000 | F108: 3.9066807e+15
B109: 2023-M12 | C109: 8.826531e+15 | E109: 25481698000000 | F109: 3.9045526e+15
B110: 2024-M01 | C110: 8.7219497e+15 | E110: 25558611000000 | F110: 3.9030185e+15
B111: 2024-M02 | C111: 8.7395743e+15 | E111: 25763937000000 | F111: 3.967852e+15
B112: 2024-M03 | C112: 8.8914246e+15 | E112: 25863230000000 | F112: 4.0141752e+15
B113: 2024-M04 | C113: 8.9264656e+15 | E113: 25857034000000 | F113: 3.9710943e+15
B114: 2024-M05 | C114: 8.9688211e+15 | E114: 25863207000000 | F114: 4.0093608e+15
B115: 2024-M06 | C115: 9.015355e+15 | E115: 25718898000000 | F115: 4.0401471e+15
B116: 2024-M07 | C116: 8.9833834e+15 | E116: 25715191000000 | F116: 4.0423647e+15
B117: 2024-M08 | C117: 8.9755119e+15 | E117: 25575536000000 | F117: 4.0723306e+15
B118: 2024-M09 | C118: 9.0479987e+15 | E118: 25792182000000 | F118: 4.076483e+15
... B128: 2025-M07 | C128: 9.5697104e+15 | E128: 26659237000000 | F128: 4.3560007e+15
B129: 2025-M08 | E129: 26721820000000 | F129: 4.4177572e+15
B130: 2025-M09 | E130: 26829289000000

Sheet M2 base month 2015-01
B1: Dates | C1: Indonesia | D1: Philippines | E1: Thailand | F1: Korea
B2: 2015-M01 | C2: ='M2'!C2/'M2'!C$2 -> 1 | D2: ='M2'!D2/'M2'!D$2 -> 1 | E2: ='M2'!E2/'M2'!E$2 -> 1 | F2: ='M2'!F2/'M2'!F$2 -> 1
B3: 2015-M02 | C3: ='M2'!C3/'M2'!C$2 -> 1.0103709 | D3: ='M2'!D3/'M2'!D$2 -> 1.0062405 | E3: ='M2'!E3/'M2'!E$2 -> 1.0098133 | F3: ='M2'!F3/'M2'!F$2 -> 1.0115057 | V3: Indonesia | W3: Philippines | X3: Thailand | Y3: Korea
B4: 2015-M03 | C4: ='M2'!C4/'M2'!C$2 -> 1.0171349 | D4: ='M2'!D4/'M2'!D$2 -> 1.0196019 | E4: ='M2'!E4/'M2'!E$2 -> 1.0144859 | F4: ='M2'!F4/'M2'!F$2 -> 1.0151494 | U4: Min | V4: =MIN(C2:C130) -> 1 | W4: =MIN(D2:D130) -> 1 | X4: =MIN(E2:E130) -> 1 | Y4: =MIN(F2:F130) -> 1
B5: 2015-M04 | C5: ='M2'!C5/'M2'!C$2 -> 1.0241651 | D5: ='M2'!D5/'M2'!D$2 -> 1.0160503 | E5: ='M2'!E5/'M2'!E$2 -> 1.0129147 | F5: ='M2'!F5/'M2'!F$2 -> 1.023962 | U5: Max | V5: =MAX(C2:C130) -> 2.2983602 | W5: =MAX(D2:D130) -> 2.1942699 | X5: =MAX(E2:E130) -> 1.5830729 | Y5: =MAX(F2:F130) -> 2.1075092
B6: 2015-M05 | C6: ='M2'!C6/'M2'!C$2 -> 1.0271971 | D6: ='M2'!D6/'M2'!D$2 -> 1.0169089 | E6: ='M2'!E6/'M2'!E$2 -> 1.0143561 | F6: ='M2'!F6/'M2'!F$2 -> 1.0378586 | U6: Mean | V6: =AVERAGE(C2:C130) -> 1.5885878 | W6: =AVERAGE(D2:D130) -> 1.5805901 | X6: =AVERAGE(E2:E130) -> 1.288915 | Y6: =AVERAGE(F2:F130) -> 1.4929624
B7: 2015-M06 | C7: ='M2'!C7/'M2'!C$2 -> 1.0440678 | D7: ='M2'!D7/'M2'!D$2 -> 1.0331439 | E7: ='M2'!E7/'M2'!E$2 -> 1.0092214 | F7: ='M2'!F7/'M2'!F$2 -> 1.0455147 | U7: Std dev | V7: =_xlfn.STDEV.S(C2:C130) -> 0.39468014 | W7: =_xlfn.STDEV.S(D2:D130) -> 0.35528936 | X7: =_xlfn.STDEV.S(E2:E130) -> 0.18967204 | Y7: =_xlfn.STDEV.S(F2:F130) -> 0.3268652
B8: 2015-M07 | C8: ='M2'!C8/'M2'!C$2 -> 1.0475187 | D8: ='M2'!D8/'M2'!D$2 -> 1.0361033 | E8: ='M2'!E8/'M2'!E$2 -> 1.0073168 | F8: ='M2'!F8/'M2'!F$2 -> 1.0480567 | U8: CV | V8: =V7/V6 -> 0.24844716 | W8: =W7/W6 -> 0.22478274 | X8: =X7/X6 -> 0.14715636 | Y8: =Y7/Y6 -> 0.21893733
B9: 2015-M08 | C9: ='M2'!C9/'M2'!C$2 -> 1.0549147 | D9: ='M2'!D9/'M2'!D$2 -> 1.0457648 | E9: ='M2'!E9/'M2'!E$2 -> 1.0047273 | F9: ='M2'!F9/'M2'!F$2 -> 1.0583314
B10: 2015-M09 | C10: ='M2'!C10/'M2'!C$2 -> 1.07995 | D10: ='M2'!D10/'M2'!D$2 -> 1.0566955 | E10: ='M2'!E10/'M2'!E$2 -> 1.0078241 | F10: ='M2'!F10/'M2'!F$2 -> 1.0594084
B11: 2015-M10 | C11: ='M2'!C11/'M2'!C$2 -> 1.0642547 | D11: ='M2'!D11/'M2'!D$2 -> 1.0644509 | E11: ='M2'!E11/'M2'!E$2 -> 1.0149524 | F11: ='M2'!F11/'M2'!F$2 -> 1.0685529
B12: 2015-M11 | C12: ='M2'!C12/'M2'!C$2 -> 1.0664695 | D12: ='M2'!D12/'M2'!D$2 -> 1.0778121 | E12: ='M2'!E12/'M2'!E$2 -> 1.0240157 | F12: ='M2'!F12/'M2'!F$2 -> 1.0682538
B13: 2015-M12 | C13: ='M2'!C13/'M2'!C$2 -> 1.0895784 | D13: ='M2'!D13/'M2'!D$2 -> 1.1194618 | E13: ='M2'!E13/'M2'!E$2 -> 1.0358179 | F13: ='M2'!F13/'M2'!F$2 -> 1.0721195
B14: 2016-M01 | C14: ='M2'!C14/'M2'!C$2 -> 1.0774967 | D14: ='M2'!D14/'M2'!D$2 -> 1.117245 | E14: ='M2'!E14/'M2'!E$2 -> 1.0402061 | F14: ='M2'!F14/'M2'!F$2 -> 1.0836652
B15: 2016-M02 | C15: ='M2'!C15/'M2'!C$2 -> 1.0831472 | D15: ='M2'!D15/'M2'!D$2 -> 1.1228119 | E15: ='M2'!E15/'M2'!E$2 -> 1.0472598 | F15: ='M2'!F15/'M2'!F$2 -> 1.0904056
B16: 2016-M03 | C16: ='M2'!C16/'M2'!C$2 -> 1.0927096 | D16: ='M2'!D16/'M2'!D$2 -> 1.1363403 | E16: ='M2'!E16/'M2'!E$2 -> 1.0515691 | F16: ='M2'!F16/'M2'!F$2 -> 1.0955397
B17: 2016-M04 | C17: ='M2'!C17/'M2'!C$2 -> 1.0975015 | D17: ='M2'!D17/'M2'!D$2 -> 1.1414892 | E17: ='M2'!E17/'M2'!E$2 -> 1.0563712 | F17: ='M2'!F17/'M2'!F$2 -> 1.0950052
B18: 2016-M05 | C18: ='M2'!C18/'M2'!C$2 -> 1.1052106 | D18: ='M2'!D18/'M2'!D$2 -> 1.1522184 | E18: ='M2'!E18/'M2'!E$2 -> 1.0517893 | F18: ='M2'!F18/'M2'!F$2 -> 1.1055249
B19: 2016-M06 | C19: ='M2'!C19/'M2'!C$2 -> 1.1347662 | D19: ='M2'!D19/'M2'!D$2 -> 1.1600819 | E19: ='M2'!E19/'M2'!E$2 -> 1.0525483 | F19: ='M2'!F19/'M2'!F$2 -> 1.115143
B20: 2016-M07 | C20: ='M2'!C20/'M2'!C$2 -> 1.1330723 | D20: ='M2'!D20/'M2'!D$2 -> 1.1645363 | E20: ='M2'!E20/'M2'!E$2 -> 1.0503449 | F20: ='M2'!F20/'M2'!F$2 -> 1.1272824
... B106: 2023-M09 | C106: ='M2'!C106/'M2'!C$2 -> 2.0219374 | D106: ='M2'!D106/'M2'!D$2 -> 2.1942699 | E106: ='M2'!E106/'M2'!E$2 -> 1.4768765 | F106: ='M2'!F106/'M2'!F$2 -> 1.8316342
B107: 2023-M10 | C107: ='M2'!C107/'M2'!C$2 -> 2.0375805 | E107: ='M2'!E107/'M2'!E$2 -> 1.4843656 | F107: ='M2'!F107/'M2'!F$2 -> 1.8383825
B108: 2023-M11 | C108: ='M2'!C108/'M2'!C$2 -> 2.053958 | E108: ='M2'!E108/'M2'!E$2 -> 1.4942945 | F108: ='M2'!F108/'M2'!F$2 -> 1.8636981
B109: 2023-M12 | C109: ='M2'!C109/'M2'!C$2 -> 2.1142273 | E109: ='M2'!E109/'M2'!E$2 -> 1.5035577 | F109: ='M2'!F109/'M2'!F$2 -> 1.8626828
B110: 2024-M01 | C110: ='M2'!C110/'M2'!C$2 -> 2.0891769 | E110: ='M2'!E110/'M2'!E$2 -> 1.508096 | F110: ='M2'!F110/'M2'!F$2 -> 1.861951
B111: 2024-M02 | C111: ='M2'!C111/'M2'!C$2 -> 2.0933985 | E111: ='M2'!E111/'M2'!E$2 -> 1.5202114 | F111: ='M2'!F111/'M2'!F$2 -> 1.8928801
B112: 2024-M03 | C112: ='M2'!C112/'M2'!C$2 -> 2.1297714 | E112: ='M2'!E112/'M2'!E$2 -> 1.5260702 | F112: ='M2'!F112/'M2'!F$2 -> 1.9149787
B113: 2024-M04 | C113: ='M2'!C113/'M2'!C$2 -> 2.1381647 | E113: ='M2'!E113/'M2'!E$2 -> 1.5257046 | F113: ='M2'!F113/'M2'!F$2 -> 1.8944268
B114: 2024-M05 | C114: ='M2'!C114/'M2'!C$2 -> 2.1483102 | E114: ='M2'!E114/'M2'!E$2 -> 1.5260688 | F114: ='M2'!F114/'M2'!F$2 -> 1.912682
B115: 2024-M06 | C115: ='M2'!C115/'M2'!C$2 -> 2.1594565 | E115: ='M2'!E115/'M2'!E$2 -> 1.5175538 | F115: ='M2'!F115/'M2'!F$2 -> 1.9273688
B116: 2024-M07 | C116: ='M2'!C116/'M2'!C$2 -> 2.1517983 | E116: ='M2'!E116/'M2'!E$2 -> 1.5173351 | F116: ='M2'!F116/'M2'!F$2 -> 1.9284267
B117: 2024-M08 | C117: ='M2'!C117/'M2'!C$2 -> 2.1499128 | E117: ='M2'!E117/'M2'!E$2 -> 1.5090947 | F117: ='M2'!F117/'M2'!F$2 -> 1.942722
B118: 2024-M09 | C118: ='M2'!C118/'M2'!C$2 -> 2.1672757 | E118: ='M2'!E118/'M2'!E$2 -> 1.521878 | F118: ='M2'!F118/'M2'!F$2 -> 1.9447029
... B128: 2025-M07 | C128: ='M2'!C128/'M2'!C$2 -> 2.2922418 | E128: ='M2'!E128/'M2'!E$2 -> 1.5730389 | F128: ='M2'!F128/'M2'!F$2 -> 2.078048
B129: 2025-M08 | E129: ='M2'!E129/'M2'!E$2 -> 1.5767316 | F129: ='M2'!F129/'M2'!F$2 -> 2.1075092
B130: 2025-M09 | E130: ='M2'!E130/'M2'!E$2 -> 1.5830729
